username,password
alice01,passAlice123
bob02,passBob456
charlie03,passChar789
diana04,passDiana321
ethan05,passEth123
fiona06,passFio456
george07,passGeo789
harry08,passHar321
isla09,passIsla123
jack10,passJack456
karen11,passKar789
leo12,passLeo321
mia13,passMia123
nina14,passNin456
oliver15,passOli789
paul16,passPaul321
quinn17,passQui123
rachel18,passRach456
steve19,passSte789
tina20,passTina321
umar21,passUma123
victor22,passVic456
wendy23,passWen789
xander24,passXan321
yasmin25,passYas123
zane26,passZan456
amy27,passAmy789
ben28,passBen321
claire29,passCla123
dan30,passDan456
elena31,passEle789
frank32,passFra321
grace33,passGra123
hank34,passHan456
ivy35,passIvy789
john36,passJoh321
kate37,passKat123
liam38,passLia456
monica39,passMon789
nathan40,passNat321
olga41,passOlg123
peter42,passPet456
queen43,passQue789
ron44,passRon321
sara45,passSar123
tom46,passTom456
ursula47,passUrs789
vicky48,passVic321
will49,passWil123
zoe50,passZoe456
mam123,mam123
